et,obcflags,batt,curr,txforward2,txcurr,rxcurr,rxdoppler,rxrssi,txreflected,txforward,txtemp,txvoltage,antsA,antsB,localtime,boardtime
COESU,007d,"8,286","0,067","75,52639",0,"0,057",413,942,"0,003824","0,005975","-0,322580645161288","8,08064516129032",100,100,2021-03-23 12:17:30,2020-12-10 07:22:26
COESU,007d,"8,286","0,067","75,59809",0,"0,058",412,952,"0,003824","0,005975",0,"8,06451612903226",100,100,2021-03-23 12:18:30,2020-12-10 07:23:26
COESU,007d,"8,286","0,067","75,616015",0,"0,057",413,953,"0,003824","0,005975","0,322580645161288","8,09677419354839",100,100,2021-03-23 12:18:45,2020-12-10 07:23:41
COESU,007d,"8,296","0,067","75,63394",0,"0,058",411,949,"0,003824","0,005975","0,322580645161288","8,04838709677419",100,100,2021-03-23 12:19:00,2020-12-10 07:23:56
COESU,007d,"8,296","0,067","75,74149",0,"0,058",412,947,"0,003824","0,005975","1,29032258064516","8,09677419354839",100,100,2021-03-23 12:20:30,2020-12-10 07:25:26
COESU,007d,"8,296","0,063","21,852965",0,"0,056",403,946,"0,003824","0,005975","-5,80645161290322","8,08064516129032",100,100,2021-03-24 12:13:29,2020-12-11 07:18:23
COESU,007d,"8,296","0,067","21,94259",0,"0,057",405,944,"0,003824","0,005975","-5,48387096774194","8,09677419354839",100,100,2021-03-24 12:14:44,2020-12-11 07:19:38
PY4ZBZ,007D,"8,296","0,063","19,27296",0,"0,057",414,945,"0,003824","0,005975","1,93548387096774","8,09677419354839",100,100,2021-03-25 10:34:56,
PY4ZBZ,007D,"8,296","0,067","20,49664",0,"0,057",413,943,"0,005975","0,005975","2,25806451612903","8,11290322580645",100,100,2021-03-25 10:35:11,
PY4ZBZ,007D,"8,296","0,063","19,27296",0,"0,058",412,952,"0,003824","0,005975","2,90322580645162","8,06451612903226",100,100,2021-03-25 10:36:26,
PY4ZBZ,007D,"8,286","0,067","20,49664",0,"0,057",414,949,"0,005975","0,005975","2,90322580645162","8,09677419354839",100,100,2021-03-25 10:36:41,
PY4ZBZ,007D,"8,296","0,067","20,49664",0,"0,058",413,954,"0,003824","0,005975","2,90322580645162","8,08064516129032",100,100,2021-03-25 10:36:56,
PY4ZBZ,007D,"8,296","0,067","20,49664",0,"0,058",412,952,"0,005975","0,005975","3,54838709677419","8,09677419354839",100,100,2021-03-25 10:37:41,
PY4ZBZ,007D,"8,286","0,067","20,49664",0,"0,058",415,952,"0,003824","0,005975","3,54838709677419","8,06451612903226",100,100,2021-03-25 10:38:11,
PY4ZBZ,007D,"8,286","0,067","20,49664",0,"0,058",412,955,"0,003824","0,005975","3,87096774193548","8,09677419354839",100,100,2021-03-25 10:38:26,
PY4ZBZ,007D,"8,286","0,067","20,49664",0,"0,058",413,955,"0,003824","0,005975","3,87096774193548","8,08064516129032",100,100,2021-03-25 10:38:41,
PY4ZBZ,007D,"8,296","0,067","20,49664",0,"0,058",413,943,"0,003824","0,005975","4,19354838709678","8,11290322580645",100,100,2021-03-25 10:39:11,
PY4ZBZ,007D,"8,286","0,067","20,49664",0,"0,058",411,948,"0,003824","0,005975","4,51612903225806","8,09677419354839",100,100,2021-03-25 10:39:41,
PV8DX,007D,"8,286","0,067","0,080065",0,"0,057",411,947,"0,003824","0,005975","-1,93548387096774","8,09677419354839",100,100,2021-03-26 12:13:06,
PV8DX,007D,"8,296","0,067","0,080065",0,"0,057",413,959,"0,003824","0,005975","-1,93548387096774","8,06451612903226",100,100,2021-03-26 12:13:21,
PV8DX,007D,"8,286","0,067","0,080065",0,"0,057",416,948,"0,005975","0,005975","-1,61290322580645","8,08064516129032",100,100,2021-03-26 12:13:51,
PV8DX,007D,"8,286","0,063","0,075285",0,"0,057",414,950,"0,003824","0,005975","-1,61290322580645","8,09677419354839",100,100,2021-03-26 12:14:21,
PV8DX,007D,"8,286","0,067","0,080065",0,"0,057",416,942,"0,003824","0,005975","-0,967741935483872","8,03225806451613",100,100,2021-03-26 12:15:21,
PV8DX,007D,"8,286","0,067","0,080065",0,"0,057",412,945,"0,003824","0,005975",0,"8,09677419354839",100,100,2021-03-26 12:17:21,
PY4ZBZ,007D,"8,296","0,067","0,080065",0,"0,058",411,957,"0,003824","0,005975","-3,54838709677419","8,08064516129032",100,100,2021-03-27 10:26:20,
PY4ZBZ,007D,"8,296","0,063","0,075285",0,"0,057",410,945,"0,003824","0,005975","-2,90322580645162","8,08064516129032",100,100,2021-03-27 10:26:50,
PY4ZBZ,007D,"8,286","0,067","0,080065",0,"0,057",413,946,"0,003824","0,005975","-2,90322580645162","8,09677419354839",100,100,2021-03-27 10:27:05,
PY4ZBZ,007D,"8,286","0,067","0,080065",0,"0,057",413,947,"0,003824","0,005975","-2,58064516129032","8,06451612903226",100,100,2021-03-27 10:27:35,
PY4ZBZ,007D,"8,296","0,067","0,080065",0,"0,057",412,953,"0,003824","0,005975","-2,58064516129032","8,08064516129032",100,100,2021-03-27 10:27:50,
PY4ZBZ,007D,"8,286","0,067","0,080065",0,"0,057",411,943,"0,003824","0,005975","-1,93548387096774","8,06451612903226",100,100,2021-03-27 10:28:35,
PY4ZBZ,007D,"8,286","0,063","0,060228",0,"0,057",384,950,"0,003824","0,003824","-1,93548387096774","8,08064516129032",100,100,2021-03-27 10:28:50,
PY4ZBZ,007D,"8,286","0,067","0,080065",0,"0,057",414,958,"0,005975","0,005975","-1,93548387096774","8,11290322580645",100,100,2021-03-27 10:29:05,
PY4ZBZ,007D,"8,296","0,067","0,080065",0,"0,057",414,941,"0,003824","0,005975","-1,29032258064516","8,09677419354839",100,100,2021-03-27 10:30:50,
PY4ZBZ,007D,"8,296","0,067","0,080065",0,"0,057",414,950,"0,003824","0,005975","-0,967741935483872","8,09677419354839",100,100,2021-03-27 10:31:05,
PY4ZBZ,007D,"8,296","0,067","0,080065",0,"0,057",414,942,"0,003824","0,005975","-0,967741935483872","8,04838709677419",100,100,2021-03-27 10:31:20,
PY4ZBZ,007D,"8,286","0,067","0,080065",0,"0,058",416,952,"0,003824","0,005975","-0,645161290322584","8,08064516129032",100,100,2021-03-27 10:31:35,
PY4ZBZ,007D,"8,296","0,067","0,080065",0,"0,057",394,948,"0,003824","0,005975","-0,322580645161288","8,11290322580645",100,100,2021-03-27 10:31:50,
PV8DX,007D,"8,286","0,067","0,080065",0,"0,058",411,954,"0,003824","0,005975","0,645161290322584","8,08064516129032",100,100,2021-03-27 12:09:04,
PV8DX,007D,"8,286","0,067","0,080065",0,"0,057",414,954,"0,003824","0,005975","0,645161290322584","8,06451612903226",100,100,2021-03-27 12:09:18,
PV8DX,007D,"8,296","0,067","0,080065",0,"0,058",413,942,"0,005975","0,005975","0,967741935483872","8,08064516129032",100,100,2021-03-27 12:09:33,
PV8DX,007D,"8,296","0,063","0,075285",0,"0,058",413,941,"0,003824","0,005975","0,967741935483872","8,09677419354839",100,100,2021-03-27 12:09:48,
PV8DX,007D,"8,296","0,063","0,075285",0,"0,057",412,952,"0,003824","0,005975","1,29032258064516","8,11290322580645",100,100,2021-03-27 12:10:03,
PV8DX,007D,"8,286","0,067","0,080065",0,"0,058",412,945,"0,005975","0,005975","1,29032258064516","8,08064516129032",100,100,2021-03-27 12:10:19,
PV8DX,007D,"8,286","0,067","0,080065",0,"0,057",414,948,"0,003824","0,005975","1,29032258064516","8,04838709677419",100,100,2021-03-27 12:10:48,
PV8DX,007D,"8,296","0,067","0,080065",0,"0,057",412,950,"0,003824","0,005975","1,61290322580645","8,06451612903226",100,100,2021-03-27 12:11:03,
PV8DX,007D,"8,296","0,067","0,080065",0,"0,058",412,957,"0,003824","0,005975","1,93548387096774","8,11290322580645",100,100,2021-03-27 12:11:48,
PV8DX,007D,"8,296","0,067","0,080065",0,"0,058",412,952,"0,003824","0,005975","2,25806451612903","8,06451612903226",100,100,2021-03-27 12:12:18,
PV8DX,007D,"8,296","0,067","0,080065",0,"0,058",414,949,"0,005975","0,005975","2,58064516129032","8,11290322580645",100,100,2021-03-27 12:13:03,
PV8DX,323B,"11,569","13,1","45870,8159",12347,"13,617",11319,14000,"119182,981079","42671,787516","3600,64516129032","213,41935483871",4E,,2021-03-27 23:55:30,
PV8DX,007D,"8,296","0,067","20,49664",0,"0,057",384,949,"0,003824","0,005975","-1,61290322580645","8,04838709677419",100,100,2021-03-28 12:04:31,
PV8DX,007D,"8,296","0,063","19,27296",0,"0,057",412,944,"0,003824","0,005975","-1,29032258064516","8,11290322580645",100,100,2021-03-28 12:05:01,
PV8DX,007D,"8,286","0,067","20,49664",0,"0,057",416,950,"0,003824","0,005975","-0,967741935483872","8,09677419354839",100,100,2021-03-28 12:05:16,
PV8DX,007D,"8,286","0,067","20,49664",0,"0,057",412,953,"0,003824","0,005975","-0,967741935483872","8,09677419354839",100,100,2021-03-28 12:05:31,
PV8DX,007D,"8,286","0,067","20,49664",0,"0,057",413,953,"0,003824","0,005975","-0,967741935483872","8,06451612903226",100,100,2021-03-28 12:05:46,
PV8DX,007D,"8,286","0,067","20,49664",0,"0,057",415,943,"0,003824","0,005975","-0,645161290322584","8,09677419354839",100,100,2021-03-28 12:06:16,
PV8DX,007D,"8,296","0,067","20,49664",0,"0,057",415,949,0,"0,005975","-0,645161290322584","8,09677419354839",100,100,2021-03-28 12:06:31,
PV8DX,007D,"8,286","0,067","20,49664",0,"0,057",415,950,"0,003824","0,005975","-0,322580645161288","8,09677419354839",100,100,2021-03-28 12:06:46,
PV8DX,007D,"8,286","0,067","20,49664",0,"0,057",412,937,"0,003824","0,005975","-0,322580645161288","8,08064516129032",100,100,2021-03-28 12:07:01,
PY4ZBZ,007D,"8,286","0,063","0,075285",0,"0,057",412,946,"0,003824","0,005975","-2,58064516129032","8,06451612903226",100,100,2021-03-29 10:17:59,
PY4ZBZ,007D,"8,286","0,067","0,080065",0,"0,057",412,951,"0,003824","0,005975",-50,"8,08064516129032",100,100,2021-03-29 10:19:14,
PY4ZBZ,007D,"8,296","0,067","0,080065",0,"0,057",414,940,"0,003824","0,005975","-0,967741935483872","8,09677419354839",100,100,2021-03-29 10:20:14,
PY4ZBZ,007D,"8,296","0,067","0,080065",0,"0,057",413,949,"0,003824","0,005975","-0,645161290322584","8,09677419354839",100,100,2021-03-29 10:20:59,
PY4ZBZ,007D,"8,296","0,067","0,080065",0,"0,057",412,947,"0,003824","0,005975",0,"8,09677419354839",100,100,2021-03-29 10:21:59,
PY4ZBZ,007D,"8,286","0,067","0,080065",0,"0,057",413,949,"0,003824","0,005975","0,645161290322584","8,09677419354839",100,100,2021-03-29 10:22:29,
PY4ZBZ,007D,"8,286","0,063","0,075285",0,"0,057",407,949,"0,003824","0,005975","-3,54838709677419","8,04838709677419",100,100,2021-03-29 11:54:28,
PV8DX,007D,"8,296","0,067","0,080065",0,"0,057",412,942,"0,003824","0,005975","-0,645161290322584","8,11290322580645",100,100,2021-03-29 12:00:28,
PV8DX,007D,"8,286","0,067","0,080065",0,"0,057",413,956,"0,003824","0,005975","-0,322580645161288","8,03225806451613",100,100,2021-03-29 12:00:43,
PV8DX,007D,"8,296","0,067","0,080065",0,"0,057",412,948,"0,003824","0,005975","-0,322580645161288","8,09677419354839",100,100,2021-03-29 12:00:58,
PV8DX,007D,"8,186","0,063","19,27296",0,"0,058",413,938,"0,003824","0,005975","4,83870967741935",8,100,100,2021-03-29 23:59:04,
PV8DX,007D,"8,296","0,067","0,080065",0,"0,057",417,943,"0,003824","0,005975","1,29032258064516","8,09677419354839",100,100,2021-03-30 11:55:55,
PV8DX,007D,"8,286","0,067","0,080065",0,"0,058",415,937,"0,005975","0,005975","1,61290322580645","8,08064516129032",100,100,2021-03-30 11:56:40,
PV8DX,007D,"8,286","0,063","0,075285",0,"0,057",414,945,"0,003824","0,005975","1,61290322580645","8,06451612903226",100,100,2021-03-30 11:56:55,
PV8DX,007D,"8,286","0,067","0,080065",0,"0,057",412,946,"0,003824","0,005975","1,93548387096774","8,08064516129032",100,100,2021-03-30 11:57:10,
PV8DX,007D,"8,306","0,067","0,080065",0,"0,057",415,949,"0,003824","0,005975","2,58064516129032","8,11290322580645",100,100,2021-03-30 11:58:40,
PV8DX,007D,"8,296","0,067","0,080065",0,"0,058",415,949,"0,003824","0,005975","2,90322580645162","8,06451612903226",100,100,2021-03-30 11:59:10,
PV8DX,007D,"8,286","0,067","0,080065",0,"0,057",412,950,"0,005975","0,005975","3,2258064516129","8,06451612903226",100,100,2021-03-30 11:59:55,
PV8DX,007D,"8,296","0,067","0,080065",0,"0,058",412,948,"0,005975","0,005975","3,54838709677419","8,09677419354839",100,100,2021-03-30 12:00:10,
PV8DX,007D,"8,196","0,063","0,075285",0,"0,059",413,955,"0,005975","0,005975","5,16129032258065","8,01612903225806",100,100,2021-03-30 23:53:31,
PV8DX,007D,"8,196","0,063","0,075285",0,"0,059",413,955,"0,005975","0,005975","5,16129032258065","8,01612903225806",100,100,2021-03-30 23:53:31,
PY4ZBZ,007D,"8,286","0,067","20,49664",0,"0,056",406,954,"0,003824","0,005975","-4,51612903225806","8,06451612903226",100,100,2021-03-31 10:10:09,
PY4ZBZ,007D,"8,286","0,067","20,49664",0,"0,057",407,946,"0,003824","0,005975","-4,19354838709678","8,11290322580645",100,100,2021-03-31 10:10:24,
PY4ZBZ,007D,"8,286","0,067","20,49664",0,"0,057",410,941,"0,003824","0,005975","-3,2258064516129","8,06451612903226",100,100,2021-03-31 10:12:39,
PY4ZBZ,007D,"8,296","0,067","0,080065",0,"0,057",413,953,"0,003824","0,005975","-2,58064516129032","8,09677419354839",100,100,2021-04-01 10:07:06,
PV8DX,007D,"8,296","0,067","0,080065",0,"0,057",415,958,"0,003824","0,005975","0,322580645161288","8,08064516129032",100,100,2021-04-01 11:47:49,
PV8DX,007D,"8,286","0,067","0,080065",0,"0,057",417,958,"0,003824","0,005975","0,322580645161288","8,09677419354839",100,100,2021-04-01 11:48:04,
PV8DX,007D,"8,176","0,063","0,075285",0,"0,058",413,945,"0,003824","0,005975","4,19354838709678","7,96774193548387",100,100,2021-04-05 23:26:16,
PV8DX,007D,"8,176","0,067","0,080065",0,"0,059",412,941,"0,003824","0,005975","4,51612903225806","7,98387096774193",100,100,2021-04-05 23:26:30,
PV8DX,007D,"8,166","0,063","0,075285",0,"0,058",413,941,"0,003824","0,005975","3,87096774193548","7,96774193548387",100,100,2021-04-05 23:27:16,
PV8DX,007D,"8,176","0,063","0,075285",0,"0,059",411,954,"0,003824","0,005975","3,87096774193548",8,100,100,2021-04-05 23:27:30,
PV8DX,007D,"8,166","0,067","0,080065",0,"0,059",413,949,"0,003824","0,005975","3,54838709677419","7,95161290322581",100,100,2021-04-05 23:28:00,
COESU,007D,"8,286","0,067","28,707485",0,"0,056",410,950,"0,003824","0,005975","-2,58064516129032","8,04838709677419",100,100,2021-04-06 11:17:22,2020-12-24 06:22:31
COESU,007D,"8,286","0,067","28,886735",0,"0,057",410,945,"0,003824","0,005975","-1,29032258064516","8,08064516129032",100,100,2021-04-06 11:19:52,2020-12-24 06:25:01
PV8DX,007D,"8,286","0,067","20,49664",0,"0,057",412,945,"0,003824","0,005975","0,967741935483872","8,06451612903226",100,100,2021-04-06 11:24:07,
PV8DX,007D,"8,296","0,067","20,49664",0,"0,057",415,938,"0,003824","0,005975","0,967741935483872","8,04838709677419",100,100,2021-04-06 11:24:22,
PV8DX,007D,"8,296","0,067","20,49664",0,"0,057",413,945,0,"0,005975","1,29032258064516","8,09677419354839",100,100,2021-04-06 11:24:37,
PV8DX,007D,"8,286","0,067","20,49664",0,"0,057",414,939,"0,003824","0,005975","1,29032258064516","8,04838709677419",100,100,2021-04-06 11:24:52,
PV8DX,007D,"8,296","0,067","20,49664",0,"0,058",413,951,"0,005975","0,005975","1,61290322580645","8,08064516129032",100,100,2021-04-06 11:25:22,
PV8DX,007D,"8,286","0,067","20,49664",0,"0,058",415,952,"0,005975","0,005975","1,93548387096774","8,09677419354839",100,100,2021-04-06 11:25:51,
PV8DX,007D,"8,296","0,067","20,49664",0,"0,057",413,956,"0,005975","0,005975","2,25806451612903","8,08064516129032",100,100,2021-04-06 11:26:22,
PV8DX,007D,"8,286","0,067","20,49664",0,"0,058",413,943,"0,003824","0,005975","2,25806451612903","8,06451612903226",100,100,2021-04-06 11:26:37,
PV8DX,007D,"8,286","0,067","20,49664",0,"0,058",416,954,"0,003824","0,005975","2,25806451612903","8,11290322580645",100,100,2021-04-06 11:26:52,
PV8DX,007D,"8,286","0,067","20,49664",0,"0,058",415,948,"0,005975","0,005975","2,58064516129032","8,11290322580645",100,100,2021-04-06 11:27:06,
PV8DX,007D,"8,296","0,067","20,49664",0,"0,058",412,946,"0,003824","0,005975","2,90322580645162","8,09677419354839",100,100,2021-04-06 11:27:37,
PV8DX,007D,"8,286","0,067","20,49664",0,"0,057",414,939,"0,003824","0,005975","2,90322580645162","8,08064516129032",100,100,2021-04-06 11:27:52,
PV8DX,007D,"8,296","0,063","19,27296",0,"0,058",413,951,"0,005975","0,005975","3,2258064516129","8,08064516129032",100,100,2021-04-06 11:28:22,
COESU,007D,"8,176","0,063","3,13568",0,"0,059",429,947,"0,005975","0,005975","3,2258064516129",8,100,100,2021-04-06 23:32:58,2020-12-24 18:38:08
COESU,007D,"8,286","0,067","53,20618",0,"0,057",415,950,"0,003824","0,005975","-0,645161290322584","8,11290322580645",100,100,2021-04-07 11:11:19,2020-12-25 06:16:28
COESU,007D,"8,286","0,067","53,224105",0,"0,057",412,952,"0,003824","0,005975","-0,645161290322584","8,04838709677419",100,100,2021-04-07 11:11:34,2020-12-25 06:16:43
COESU,007D,"8,286","0,067","53,279075",0,"0,057",413,947,"0,003824","0,005975","-0,322580645161288","8,11290322580645",100,100,2021-04-07 11:12:19,2020-12-25 06:17:29
COESU,007D,"8,296","0,067","53,297",0,"0,057",417,949,"0,003824","0,005975",0,"8,11290322580645",100,100,2021-04-07 11:12:34,2020-12-25 06:17:44
COESU,007D,"8,286","0,063","53,3687",0,"0,058",413,951,"0,003824","0,005975","0,645161290322584","8,11290322580645",100,100,2021-04-07 11:13:34,2020-12-25 06:18:44
COESU,007D,"8,286","0,063","53,386625",0,"0,057",417,949,"0,003824","0,005975","0,645161290322584","8,09677419354839",100,100,2021-04-07 11:13:49,2020-12-25 06:18:59
COESU,007D,"8,296","0,067","53,403355",0,"0,057",413,939,"0,003824","0,005975","0,645161290322584","8,09677419354839",100,100,2021-04-07 11:14:04,2020-12-25 06:19:13
COESU,007D,"8,296","0,067","53,42128",0,"0,058",424,943,"0,005975","0,005975","0,645161290322584","8,08064516129032",100,100,2021-04-07 11:14:19,2020-12-25 06:19:28
COESU,007D,"8,296","0,067","53,439205",0,"0,058",410,946,"0,003824","0,005975","1,29032258064516","8,06451612903226",100,100,2021-04-07 11:14:34,2020-12-25 06:19:43
COESU,007D,"8,286","0,067","53,475055",0,"0,057",413,947,"0,003824","0,005975","1,29032258064516","8,08064516129032",100,100,2021-04-07 11:15:04,2020-12-25 06:20:13
COESU,007D,"8,286","0,067","53,510905",0,"0,058",413,941,"0,003824","0,005975","1,61290322580645","8,11290322580645",100,100,2021-04-07 11:15:34,2020-12-25 06:20:43
COESU,007D,"8,296","0,067","53,52883",0,"0,058",415,946,"0,003824","0,005975","1,61290322580645","8,09677419354839",100,100,2021-04-07 11:15:49,2020-12-25 06:20:58
COESU,007D,"8,286","0,067","53,582605",0,"0,058",413,951,"0,003824","0,005975","1,93548387096774","8,11290322580645",100,100,2021-04-07 11:16:34,2020-12-25 06:21:43
COESU,007D,"8,296","0,067","53,618455",0,"0,058",413,960,"0,003824","0,005975","2,25806451612903","8,06451612903226",100,100,2021-04-07 11:17:04,2020-12-25 06:22:13
COESU,007D,"8,296","0,067","53,63638",0,"0,058",414,954,"0,003824","0,005975","2,25806451612903","8,09677419354839",100,100,2021-04-07 11:17:19,2020-12-25 06:22:28
COESU,007D,"8,286","0,067","53,70808",0,"0,057",415,952,"0,003824","0,005975","2,90322580645162","8,04838709677419",100,100,2021-04-07 11:18:19,2020-12-25 06:23:28
COESU,007D,"8,296","0,067","53,726005",0,"0,057",414,954,"0,003824","0,005975","3,2258064516129","8,09677419354839",100,100,2021-04-07 11:18:34,2020-12-25 06:23:43
PV8DX,007D,"8,286","0,063","0,075285",0,"0,058",412,941,"0,005975","0,005975","4,83870967741935","8,09677419354839",100,100,2021-04-07 11:21:19,
PV8DX,007D,"8,286","0,063","0,075285",0,"0,058",412,941,"0,005975","0,005975","4,83870967741935","8,09677419354839",100,100,2021-04-07 11:21:19,
PV8DX,007D,"8,286","0,067","0,064052",0,"0,058",413,949,"0,003824","0,003824","4,83870967741935","8,11290322580645",100,100,2021-04-07 11:21:34,
PV8DX,007D,"8,286","0,067","0,064052",0,"0,058",413,949,"0,003824","0,003824","4,83870967741935","8,11290322580645",100,100,2021-04-07 11:21:34,
PV8DX,007D,"8,286","0,067","0,080065",0,"0,057",412,953,"0,003824","0,005975","4,83870967741935","8,08064516129032",100,100,2021-04-07 11:21:49,
PV8DX,007D,"8,286","0,067","0,080065",0,"0,057",412,953,"0,003824","0,005975","4,83870967741935","8,08064516129032",100,100,2021-04-07 11:21:49,
PV8DX,007D,"8,286","0,067","0,080065",0,"0,058",412,952,"0,003824","0,005975","5,16129032258065","8,11290322580645",100,100,2021-04-07 11:22:19,
PV8DX,007D,"8,286","0,067","0,080065",0,"0,058",412,952,"0,003824","0,005975","5,16129032258065","8,11290322580645",100,100,2021-04-07 11:22:19,
PV8DX,007D,"8,296","0,063","0,075285",0,"0,058",411,949,"0,003824","0,005975","5,48387096774194","8,11290322580645",100,100,2021-04-07 11:22:34,
PV8DX,007D,"8,296","0,063","0,075285",0,"0,058",411,949,"0,003824","0,005975","5,48387096774194","8,11290322580645",100,100,2021-04-07 11:22:34,
PV8DX,007D,"8,296","0,067","0,080065",0,"0,058",412,944,"0,005975","0,005975","6,12903225806452","8,08064516129032",100,100,2021-04-07 11:23:34,
PV8DX,007D,"8,296","0,067","0,080065",0,"0,058",412,944,"0,005975","0,005975","6,12903225806452","8,08064516129032",100,100,2021-04-07 11:23:34,
PV8DX,007D,"8,296","0,067","0,080065",0,"0,058",412,944,"0,003824","0,005975","6,12903225806452","8,11290322580645",100,100,2021-04-07 11:23:49,
PV8DX,007D,"8,296","0,067","0,080065",0,"0,058",412,944,"0,003824","0,005975","6,12903225806452","8,11290322580645",100,100,2021-04-07 11:23:49,
PV8DX,007D,"8,286","0,067","0,080065",0,"0,059",411,950,"0,005975","0,005975","6,12903225806452","8,08064516129032",100,100,2021-04-07 11:24:04,
PV8DX,007D,"8,286","0,067","0,080065",0,"0,059",411,950,"0,005975","0,005975","6,12903225806452","8,08064516129032",100,100,2021-04-07 11:24:04,
PV8DX,007D,"8,286","0,067","0,080065",0,"0,058",412,952,"0,003824","0,005975","6,12903225806452","8,06451612903226",100,100,2021-04-07 11:24:19,
PV8DX,007D,"8,286","0,067","0,080065",0,"0,058",412,952,"0,003824","0,005975","6,12903225806452","8,06451612903226",100,100,2021-04-07 11:24:19,
PV8DX,007D,"8,296","0,067","0,080065",0,"0,058",411,949,"0,005975","0,005975","6,7741935483871","8,11290322580645",100,100,2021-04-07 11:25:04,
PV8DX,007D,"8,296","0,067","0,080065",0,"0,058",411,949,"0,005975","0,005975","6,7741935483871","8,11290322580645",100,100,2021-04-07 11:25:04,
COESU,007D,"8,286","0,067","60,03441",0,"0,057",412,942,"0,003824","0,005975","-0,322580645161288","8,09677419354839",100,100,2021-04-07 12:46:33,2020-12-25 07:51:42
COESU,007D,"8,286","0,063","60,052335",0,"0,057",412,953,"0,003824","0,005975","-0,645161290322584","8,09677419354839",100,100,2021-04-07 12:46:48,2020-12-25 07:51:57
COESU,007D,"8,286","0,067","60,303285",0,"0,058",415,945,"0,003824","0,005975","1,29032258064516","8,09677419354839",100,100,2021-04-07 12:50:18,2020-12-25 07:55:27
COESU,007D,"8,296","0,067","60,374985",0,"0,057",415,953,"0,003824","0,005975","1,93548387096774","8,11290322580645",100,100,2021-04-07 12:51:18,2020-12-25 07:56:27
PV8DX,007D,"8,286","0,067","0,080065",0,"0,058",412,948,"0,003824","0,005975","4,83870967741935","8,06451612903226",100,100,2021-04-07 12:56:03,
PV8DX,007D,"8,286","0,067","0,080065",0,"0,058",413,953,"0,003824","0,005975","5,48387096774194","8,09677419354839",100,100,2021-04-07 12:56:48,
PV8DX,007D,"8,296","0,067",0,0,"0,058",411,950,"0,003824",0,"5,48387096774194","8,06451612903226",100,100,2021-04-07 12:57:18,
PV8DX,007D,"8,296","0,067","0,080065",0,"0,058",414,952,"0,005975","0,005975","5,80645161290322","8,06451612903226",100,100,2021-04-07 12:57:48,
PV8DX,007D,"8,296","0,067","0,080065",0,"0,059",415,954,"0,005975","0,005975","6,12903225806452","8,09677419354839",100,100,2021-04-07 12:58:03,
PV8DX,007D,"8,286","0,067","0,080065",0,"0,058",418,953,"0,003824","0,005975","6,12903225806452","8,08064516129032",100,100,2021-04-07 12:58:18,
PV8DX,007D,"8,296","0,067","0,080065",0,"0,058",416,941,0,"0,005975","6,45161290322581","8,08064516129032",100,100,2021-04-07 12:58:33,
PV8DX,007D,"8,286","0,067","0,080065",0,"0,058",412,941,"0,005975","0,005975","6,7741935483871","8,08064516129032",100,100,2021-04-07 12:59:18,
PV8DX,007D,"8,296","0,067","0,080065",0,"0,058",417,947,"0,005975","0,005975","6,7741935483871","8,08064516129032",100,100,2021-04-07 12:59:33,
PV8DX,007D,"8,296","0,067","0,080065",0,"0,058",412,948,"0,003824","0,005975","7,41935483870968","8,11290322580645",100,100,2021-04-07 13:00:18,
PV8DX,007D,"8,286","0,067","0,080065",0,"0,058",415,942,"0,005975","0,005975","7,41935483870968","8,12903225806452",100,100,2021-04-07 13:00:33,
PV8DX,007D,"8,176","0,067","0,080065",0,"0,059",415,941,"0,005975","0,005975","5,16129032258065","7,98387096774193",100,100,2021-04-08 23:11:37,
PV8DX,007D,"8,176","0,063","0,075285",0,"0,059",412,951,"0,003824","0,005975","4,83870967741935",8,100,100,2021-04-08 23:12:22,
PV8DX,007D,"8,166","0,063","0,075285",0,"0,059",412,955,"0,003824","0,005975","4,51612903225806",8,100,100,2021-04-08 23:13:07,
COESU,007D,"8,176","0,063","76,82894",0,"0,058",414,896,"0,003824","0,005975","3,2258064516129","7,98387096774193",100,100,2021-04-09 23:17:34,2020-12-27 18:22:44
COESU,007D,"8,176","0,063","76,86479",0,"0,059",414,944,"0,003824","0,005975","2,90322580645162","7,95161290322581",100,100,2021-04-09 23:18:04,2020-12-27 18:23:14
COESU,007D,"8,166","0,067","77,00819",0,"0,058",414,950,"0,003824","0,005975","1,29032258064516","7,98387096774193",100,100,2021-04-09 23:20:04,2020-12-27 18:25:14
COESU,007D,"8,166","0,063","77,026115",0,"0,058",416,944,"0,003824","0,005975","1,29032258064516","7,95161290322581",100,100,2021-04-09 23:20:19,2020-12-27 18:25:29
COESU,007D,"8,166","0,063","77,097815",0,"0,058",415,953,"0,003824","0,005975","0,967741935483872","7,95161290322581",100,100,2021-04-09 23:21:19,2020-12-27 18:26:29
COESU,007D,"8,166","0,063","77,11574",0,"0,058",416,949,"0,005975","0,005975","0,645161290322584","7,95161290322581",100,100,2021-04-09 23:21:34,2020-12-27 18:26:44
PV8DX,007D,"8,286","0,067","0,080065",0,"0,058",414,951,"0,003824","0,005975","3,87096774193548","8,09677419354839",100,100,2021-04-10 12:42:39,
PV8DX,007D,"8,286","0,067","0,080065",0,"0,058",413,939,"0,005975","0,005975","3,54838709677419","8,08064516129032",100,100,2021-04-10 12:42:54,
PV8DX,007D,"8,286","0,067","0,080065",0,"0,058",413,951,"0,003824","0,005975","3,87096774193548","8,09677419354839",100,100,2021-04-10 12:43:09,
PV8DX,007D,"8,296","0,067","0,080065",0,"0,058",413,955,"0,003824","0,005975","3,87096774193548","8,08064516129032",100,100,2021-04-10 12:43:24,
PV8DX,007D,"8,296","0,067","0,080065",0,"0,058",412,949,"0,003824","0,005975","4,19354838709678","8,08064516129032",100,100,2021-04-10 12:43:39,
PV8DX,007D,"8,286","0,067","0,080065",0,"0,058",413,953,"0,005975","0,005975","4,51612903225806","8,09677419354839",100,100,2021-04-10 12:43:54,
PV8DX,007D,"8,296","0,067","0,080065",0,"0,058",412,953,"0,003824","0,005975","4,51612903225806","8,09677419354839",100,100,2021-04-10 12:44:24,
PV8DX,007D,"8,286","0,067","0,080065",0,"0,058",416,942,"0,003824","0,005975","4,83870967741935","8,09677419354839",100,100,2021-04-10 12:44:39,
PV8DX,007D,"8,296","0,067","0,080065",0,"0,058",414,957,"0,003824","0,005975","5,16129032258065","8,08064516129032",100,100,2021-04-10 12:44:54,
PV8DX,007D,"8,286","0,067","0,080065",0,"0,058",415,947,"0,003824","0,005975","5,48387096774194","8,08064516129032",100,100,2021-04-10 12:45:39,
PV8DX,007D,"8,286","0,067","0,080065",0,"0,058",415,950,"0,003824","0,005975","5,48387096774194","4,12903225806452",100,100,2021-04-10 12:45:54,
PV8DX,007D,"8,286","0,067","0,080065",0,"0,058",412,947,"0,003824","0,005975","5,80645161290322","8,09677419354839",100,100,2021-04-10 12:46:09,
PV8DX,007D,"8,286","0,067","0,080065",0,"0,058",416,951,"0,005975","0,005975","6,12903225806452","8,08064516129032",100,100,2021-04-10 12:46:39,
PV8DX,007D,"8,296","0,067","0,080065",0,"0,058",414,947,"0,003824","0,005975","6,12903225806452","8,09677419354839",100,100,2021-04-10 12:46:54,
PV8DX,007D,"8,296","0,067","0,080065",0,"0,058",412,947,"0,005975","0,005975","6,12903225806452","8,09677419354839",100,100,2021-04-10 12:47:09,
PV8DX,007D,"8,286","0,067","0,080065",0,"0,058",413,948,"0,005975","0,005975","6,45161290322581","8,06451612903226",100,100,2021-04-10 12:47:24,
PV8DX,007D,"8,296","0,067","0,080065",0,"0,058",411,943,"0,003824","0,005975","6,45161290322581","8,04838709677419",100,100,2021-04-10 12:47:39,
PV8DX,007D,"8,286","0,067","0,080065",0,0,414,952,"0,003824","0,005975","6,7741935483871","8,09677419354839",100,100,2021-04-10 12:47:54,
KB6LTY,007D,"8,296","0,067","0,080065",0,"0,058",410,960,"0,003824","0,005975","9,03225806451613","8,12903225806452",100,100,2021-04-10 14:29:38,
KB6LTY,007D,"8,296","0,067","0,080065",0,"0,058",413,951,"0,003824","0,005975","9,03225806451613","8,09677419354839",100,100,2021-04-10 14:29:52,
KB6LTY,007D,"8,296","0,067","0,080065",0,"0,059",410,956,"0,003824","0,005975","9,35483870967742","8,04838709677419",100,100,2021-04-10 14:30:08,
KB6LTY,007D,"8,286","0,067","0,080065",0,"0,058",412,949,"0,003824","0,005975","9,35483870967742","8,08064516129032",100,100,2021-04-10 14:30:23,
KB6LTY,007D,"8,296","0,067","0,080065",0,"0,059",410,957,"0,003824","0,005975","9,67741935483871","8,08064516129032",100,100,2021-04-10 14:30:38,
KB6LTY,007D,"8,296","0,067","0,080065",0,"0,059",411,941,"0,005975","0,005975","9,67741935483871","8,11290322580645",100,100,2021-04-10 14:30:53,
KB6LTY,007D,"8,296","0,067","0,080065",0,"0,059",412,947,"0,005975","0,005975",10,"8,09677419354839",100,100,2021-04-10 14:31:23,
KB6LTY,007D,"8,296","0,067","0,080065",0,"0,059",411,954,"0,003824","0,005975",10,"8,06451612903226",100,100,2021-04-10 14:31:37,
KB6LTY,007D,"8,286","0,067","0,080065",0,"0,059",411,951,"0,003824","0,005975",10,"8,08064516129032",100,100,2021-04-10 14:31:52,
KB6LTY,007D,"8,296","0,067","0,080065",0,"0,059",411,952,"0,003824","0,005975","10,3225806451613","8,09677419354839",100,100,2021-04-10 14:32:07,
KB6LTY,007D,"8,296","0,067","0,080065",0,"0,059",256,945,"0,005975","0,005975","10,6451612903226","8,09677419354839",100,100,2021-04-10 14:32:37,
KB6LTY,007D,"8,286","0,067","0,080065",0,"0,058",411,942,"0,005975","0,005975","10,6451612903226","8,08064516129032",100,100,2021-04-10 14:32:53,
KB6LTY,007D,"8,286","0,067","0,080065",0,"0,059",410,959,"0,003824","0,005975","10,6451612903226","8,09677419354839",100,100,2021-04-10 14:33:07,
KB6LTY,007D,"8,286","0,067","0,080065",0,"0,059",410,952,"0,003824","0,005975","10,9677419354839","8,08064516129032",100,100,2021-04-10 14:33:23,
KB6LTY,007D,"8,296","0,067","0,064052",0,"0,058",410,957,"0,005975","0,003824","10,9677419354839","8,09677419354839",100,100,2021-04-10 14:33:38,
KB6LTY,007D,"8,296","0,067","0,080065",0,"0,059",410,952,"0,005975","0,005975","10,9677419354839","8,09677419354839",100,100,2021-04-10 14:33:52,
KB6LTY,007D,"8,296","0,067","0,080065",0,"0,059",411,945,"0,005975","0,005975","11,2903225806452","8,06451612903226",100,100,2021-04-10 14:34:07,
PV8DX,007D,"8,206","0,067","20,49664",0,"0,06",410,952,"0,005975","0,005975","10,9677419354839",8,100,100,2021-04-11 00:39:45,
PV8DX,007D,"8,196","0,063","19,27296",0,"0,06",410,949,"0,003824","0,005975","10,6451612903226","8,01612903225806",100,100,2021-04-11 00:41:00,
KB6LTY,007D,"8,226","0,067","20,49664",0,"0,06",413,953,"0,003824","0,005975","15,4838709677419","8,04838709677419",100,100,2021-04-11 03:40:28,
KB6LTY,007D,"8,226","0,063","19,27296",0,"0,06",411,948,"0,003824","0,005975","15,1612903225806","8,03225806451613",100,100,2021-04-11 03:40:43,
KB6LTY,007D,"8,226","0,067","20,49664",0,"0,061",414,952,"0,003824","0,005975","15,1612903225806","8,04838709677419",100,100,2021-04-11 03:40:58,
KB6LTY,007D,"8,226","0,067","20,49664",0,"0,06",412,946,"0,005975","0,005975","15,1612903225806","8,03225806451613",100,100,2021-04-11 03:41:13,
KB6LTY,007D,"8,226","0,067","20,49664",0,"0,06",410,943,"0,005975","0,005975","14,8387096774194","8,03225806451613",100,100,2021-04-11 03:41:58,
KB6LTY,007D,"8,216","0,067","20,49664",0,"0,06",412,949,"0,003824","0,005975","14,1935483870968","8,01612903225806",100,100,2021-04-11 03:42:43,
KB6LTY,007D,"8,226","0,063","19,27296",0,"0,06",412,955,"0,003824","0,005975","14,5161290322581","8,04838709677419",100,100,2021-04-11 03:42:58,
KB6LTY,007D,"8,216","0,067","20,49664",0,"0,059",413,939,"0,003824","0,005975","14,5161290322581","8,01612903225806",100,100,2021-04-11 03:43:13,
KB6LTY,007D,"8,216","0,063","19,27296",0,"0,06",411,947,"0,005975","0,005975","14,5161290322581","8,03225806451613",100,100,2021-04-11 03:43:28,
KB6LTY,007D,"8,216","0,063","19,27296",0,"0,06",409,956,"0,003824","0,005975","13,8709677419355","8,04838709677419",100,100,2021-04-11 03:43:43,
KB6LTY,007D,"8,216","0,063","19,27296",0,"0,06",410,948,"0,003824","0,005975","13,8709677419355","8,03225806451613",100,100,2021-04-11 03:43:58,
KB6LTY,007D,"8,216","0,067","20,49664",0,"0,06",412,950,"0,005975","0,005975","13,8709677419355","8,03225806451613",100,100,2021-04-11 03:44:28,
KB6LTY,007D,"8,216","0,067","20,49664",0,"0,06",411,953,"0,003824","0,005975","13,5483870967742","7,96774193548387",100,100,2021-04-11 03:44:43,
KB6LTY,007D,"8,296","0,067","0,080065",0,"0,057",413,946,"0,003824","0,005975","1,29032258064516","8,06451612903226",100,100,2021-04-11 14:25:20,
KB6LTY,007D,"8,286","0,063","0,075285",0,"0,057",413,937,"0,003824","0,005975","1,61290322580645","8,08064516129032",100,100,2021-04-11 14:25:35,
KB6LTY,007D,"8,286","0,067","0,080065",0,"0,057",414,954,"0,003824","0,005975","1,61290322580645","8,09677419354839",100,100,2021-04-11 14:25:50,
KB6LTY,007D,"8,296","0,063","0,075285",0,"0,057",412,953,"0,003824","0,005975","1,93548387096774","8,09677419354839",100,100,2021-04-11 14:26:05,
KB6LTY,007D,"8,276","0,067","0,080065",0,"0,058",414,947,"0,003824","0,005975","1,93548387096774","8,08064516129032",100,100,2021-04-11 14:26:35,
KB6LTY,007D,"8,296","0,067","0,080065",0,"0,058",414,950,"0,003824","0,005975","1,93548387096774","8,08064516129032",100,100,2021-04-11 14:26:50,
KB6LTY,007D,"8,296","0,067","0,080065",0,"0,057",413,951,"0,003824","0,005975","2,25806451612903","8,09677419354839",100,100,2021-04-11 14:27:05,
KB6LTY,007D,"8,286","0,067","0,080065",0,"0,057",411,952,"0,003824","0,005975","2,25806451612903","8,08064516129032",100,100,2021-04-11 14:27:20,
KB6LTY,007D,"8,286","0,063","0,075285",0,"0,058",412,952,"0,003824","0,005975","2,58064516129032","8,06451612903226",100,100,2021-04-11 14:27:50,
KB6LTY,007D,"8,286","0,067","0,080065",0,"0,058",414,944,"0,003824","0,005975","2,58064516129032","8,08064516129032",100,100,2021-04-11 14:28:05,
KB6LTY,007D,"8,286","0,067","0,080065",0,"0,058",414,956,"0,003824","0,005975","2,90322580645162","8,08064516129032",100,100,2021-04-11 14:29:05,
KB6LTY,007D,"8,286","0,067","0,080065",0,"0,057",413,942,"0,005975","0,005975","3,2258064516129","8,09677419354839",100,100,2021-04-11 14:29:20,
KB6LTY,007D,"8,296","0,063","0,075285",0,"0,058",414,946,"0,003824","0,005975","3,2258064516129","8,08064516129032",100,100,2021-04-11 14:29:35,
KB6LTY,007D,"8,286","0,067","0,080065",0,"0,058",412,944,"0,003824","0,005975","3,2258064516129","8,09677419354839",100,100,2021-04-11 14:29:50,
KB6LTY,007D,"8,296","0,063","19,27296",0,"0,058",412,956,"0,003824","0,005975","3,2258064516129","8,08064516129032",100,100,2021-04-12 14:19:02,
KB6LTY,007D,"8,296","0,063","19,27296",0,"0,058",415,944,"0,003824","0,005975","3,54838709677419","8,08064516129032",100,100,2021-04-12 14:19:32,
KB6LTY,007D,"8,296","0,067","20,49664",0,"0,058",411,947,"0,003824","0,005975","3,87096774193548","8,08064516129032",100,100,2021-04-12 14:20:17,
KB6LTY,007D,"8,296","0,067","20,49664",0,"0,058",413,946,"0,003824","0,005975","4,19354838709678","8,08064516129032",100,100,2021-04-12 14:21:17,
KB6LTY,007D,"8,296","0,067","20,49664",0,"0,058",412,953,"0,003824","0,005975","4,51612903225806","8,06451612903226",100,100,2021-04-12 14:21:32,
KB6LTY,007D,"8,286","0,067","20,49664",0,"0,058",413,948,"0,005975","0,005975","4,51612903225806","8,08064516129032",100,100,2021-04-12 14:21:47,
KB6LTY,007D,"8,286","0,067","20,49664",0,"0,058",413,950,"0,003824","0,005975","4,83870967741935","8,12903225806452",100,100,2021-04-12 14:22:17,
KB6LTY,007D,"8,286","0,067","20,49664",0,"0,058",412,952,"0,005975","0,005975","4,83870967741935","8,06451612903226",100,100,2021-04-12 14:22:32,
KB6LTY,007D,"8,286","0,067","20,49664",0,"0,058",412,950,"0,003824","0,005975","4,83870967741935","8,11290322580645",100,100,2021-04-12 14:22:47,
KB6LTY,007D,"8,296","0,067","20,49664",0,"0,058",412,948,"0,003824","0,005975","5,16129032258065","8,11290322580645",100,100,2021-04-12 14:23:02,
KB6LTY,007D,"8,296","0,067","20,49664",0,"0,059",412,950,"0,005975","0,005975","5,16129032258065","8,11290322580645",100,100,2021-04-12 14:23:17,
KB6LTY,007D,"8,286","0,067","20,49664",0,"0,058",412,952,"0,003824","0,005975","5,48387096774194","8,11290322580645",100,100,2021-04-12 14:23:32,
KB6LTY,007D,"8,286","0,067","20,49664",0,"0,058",412,947,"0,005975","0,005975","5,48387096774194","8,04838709677419",100,100,2021-04-12 14:23:47,
KB6LTY,007D,"8,286","0,063","19,27296",0,"0,058",413,946,"0,003824","0,005975","5,48387096774194","8,08064516129032",100,100,2021-04-12 14:24:02,
KB6LTY,007D,"8,286","0,067","20,49664",0,"0,058",413,949,"0,005975","0,005975","5,80645161290322","8,09677419354839",100,100,2021-04-12 14:24:47,
PY5LF,007D,"8,176","0,063","19,27296",0,"0,058",412,958,"0,003824","0,005975","3,87096774193548","7,98387096774193",100,100,2021-04-12 23:02:08,
PY5LF,007D,"8,166","0,063","19,27296",0,"0,059",413,949,"0,003824","0,005975","3,54838709677419","7,96774193548387",100,100,2021-04-12 23:02:23,
PY5LF,007D,"8,166","0,063","19,27296",0,"0,059",410,942,"0,003824","0,005975","3,2258064516129",8,100,100,2021-04-12 23:02:38,
PY5LF,007D,"8,166","0,063","19,27296",0,"0,058",412,942,"0,003824","0,005975","3,54838709677419","7,95161290322581",100,100,2021-04-12 23:02:53,
PY5LF,007D,"8,166","0,063","19,27296",0,"0,059",413,948,"0,003824","0,005975","3,2258064516129","7,98387096774193",100,100,2021-04-12 23:03:08,
PY5LF,007D,"8,166","0,063","19,27296",0,"0,058",417,953,"0,003824","0,005975","3,2258064516129","7,96774193548387",100,100,2021-04-12 23:03:23,
PY5LF,007D,"8,166","0,063","19,27296",0,"0,058",416,948,"0,003824","0,005975","2,90322580645162","7,96774193548387",100,100,2021-04-12 23:03:38,
PY5LF,007D,"8,166","0,063","19,27296",0,"0,059",413,951,"0,003824","0,005975","2,90322580645162","7,96774193548387",100,100,2021-04-12 23:03:53,
PY5LF,007D,"8,166","0,063","19,27296",0,"0,058",413,953,"0,003824","0,005975","2,58064516129032","7,96774193548387",100,100,2021-04-12 23:04:08,
PY5LF,007D,"8,166","0,063","19,27296",0,"0,058",416,952,"0,003824","0,005975","2,25806451612903","7,95161290322581",100,100,2021-04-12 23:04:23,
PY5LF,007D,"8,166","0,063","19,27296",0,"0,059",412,951,"0,003824","0,005975","2,25806451612903","7,96774193548387",100,100,2021-04-12 23:04:38,
PY5LF,007D,"8,296","0,067","0,080065",0,"0,056",406,959,"0,003824","0,005975","-3,87096774193548","8,06451612903226",100,100,2021-04-13 10:45:12,
PY5LF,007D,"8,286","0,067","0,080065",0,"0,057",404,955,"0,003824","0,005975","-3,87096774193548","8,06451612903226",100,100,2021-04-13 10:45:57,
PY5LF,007D,"8,286","0,067","0,080065",0,"0,057",408,944,"0,003824","0,005975","-3,54838709677419","8,09677419354839",100,100,2021-04-13 10:46:12,
PY5LF,007D,"8,296","0,067","0,080065",0,"0,057",407,949,"0,003824","0,005975","-3,2258064516129","8,11290322580645",100,100,2021-04-13 10:46:42,
PY5LF,007D,"8,286","0,067","0,064052",0,"0,057",406,948,"0,003824","0,003824","-3,2258064516129","8,04838709677419",100,100,2021-04-13 10:46:57,
PY5LF,007D,"8,296","0,067","0,080065",0,"0,057",410,954,"0,003824","0,005975","-2,90322580645162","8,09677419354839",100,100,2021-04-13 10:47:12,
PY5LF,007D,"8,296","0,063","0,075285",0,"0,057",409,947,"0,003824","0,005975","-2,90322580645162","8,06451612903226",100,100,2021-04-13 10:47:27,
PY5LF,007D,"8,296","0,063","0,075285",0,"0,057",408,957,"0,003824","0,005975","-2,58064516129032","8,11290322580645",100,100,2021-04-13 10:47:42,
PY5LF,007D,"8,286","0,063","0,075285",0,"0,058",409,951,"0,003824","0,005975","-2,58064516129032","8,04838709677419",100,100,2021-04-13 10:47:57,
PY5LF,007D,"8,306","0,063","0,075285",0,"0,057",410,940,"0,003824","0,005975","-2,58064516129032","8,06451612903226",100,100,2021-04-13 10:48:27,
PY5LF,007D,"8,296","0,067","0,080065",0,"0,057",410,957,"0,003824","0,005975","-2,25806451612903","8,08064516129032",100,100,2021-04-13 10:48:57,
PY5LF,007D,"8,286","0,063","0,075285",0,"0,057",412,941,"0,003824","0,005975","-1,93548387096774","8,11290322580645",100,100,2021-04-13 10:49:12,
PY5LF,007D,"8,296","0,067","0,080065",0,"0,057",411,943,"0,003824","0,005975","-1,93548387096774","8,06451612903226",100,100,2021-04-13 10:49:27,
PV8DX,007D,"8,286","0,067","0,080065",0,"0,057",415,948,"0,003824","0,005975","0,322580645161288","8,08064516129032",100,100,2021-04-13 12:28:31,
PV8DX,007D,"8,286","0,067","0,080065",0,"0,057",415,952,"0,003824","0,005975","0,322580645161288","8,09677419354839",100,100,2021-04-13 12:28:45,
PV8DX,007D,"8,286","0,063","0,075285",0,"0,057",414,950,"0,003824","0,005975","0,322580645161288","8,06451612903226",100,100,2021-04-13 12:29:00,
PV8DX,007D,"8,286","0,067","0,080065",0,"0,058",412,943,"0,003824","0,005975","0,645161290322584","8,09677419354839",100,100,2021-04-13 12:29:15,
PV8DX,007D,"8,286","0,063","0,075285",0,"0,058",413,951,"0,003824","0,005975","0,645161290322584","8,06451612903226",100,100,2021-04-13 12:29:30,
PV8DX,007D,"8,296","0,067","0,080065",0,0,415,948,"0,003824","0,005975","0,967741935483872","8,04838709677419",100,100,2021-04-13 12:29:45,
PV8DX,007D,"8,296","0,067","0,080065",0,"0,058",414,956,"0,003824","0,005975","0,967741935483872","8,11290322580645",100,100,2021-04-13 12:30:00,
PV8DX,007D,"8,296","0,067","0,080065",0,"0,058",415,939,"0,003824","0,005975","1,29032258064516","8,08064516129032",100,100,2021-04-13 12:30:15,
PV8DX,007D,"8,296","0,067","0,080065",0,"0,058",415,942,"0,003824","0,005975","1,29032258064516","8,09677419354839",100,100,2021-04-13 12:30:30,
PV8DX,007D,"8,286","0,063","0,075285",0,"0,058",415,953,"0,003824","0,005975","1,29032258064516","8,09677419354839",100,100,2021-04-13 12:30:45,
PV8DX,007D,"8,286","0,067","0,080065",0,"0,057",417,946,"0,003824","0,005975","1,29032258064516","8,09677419354839",100,100,2021-04-13 12:31:00,
PV8DX,007D,"8,296","0,067","0,080065",0,"0,058",413,949,"0,003824","0,005975","1,93548387096774","8,09677419354839",100,100,2021-04-13 12:31:30,
PV8DX,007D,"8,296","0,067","0,080065",0,"0,058",414,945,"0,003824","0,005975","1,93548387096774","8,09677419354839",100,100,2021-04-13 12:31:45,
PV8DX,007D,"8,296","0,067","0,080065",0,"0,057",414,942,"0,005975","0,005975","1,93548387096774","8,11290322580645",100,100,2021-04-13 12:32:00,
PV8DX,007D,"8,296","0,067","0,080065",0,"0,058",419,946,"0,005975","0,005975","2,25806451612903","8,11290322580645",100,100,2021-04-13 12:32:15,
PV8DX,007D,"8,286","0,067","0,080065",0,"0,057",417,940,"0,005975","0,005975","2,58064516129032","8,08064516129032",100,100,2021-04-13 12:32:30,
PV8DX,007D,"8,296","0,063","0,075285",0,"0,057",415,951,"0,005975","0,005975","2,58064516129032","7,56451612903226",100,100,2021-04-13 12:32:45,
PV8DX,007D,"8,286","0,067","0,080065",0,"0,058",415,944,"0,003824","0,005975","2,58064516129032","8,08064516129032",100,100,2021-04-13 12:33:00,
PV8DX,007D,"8,296","0,067","0,080065",0,"0,058",415,940,"0,003824","0,005975","2,90322580645162","8,08064516129032",100,100,2021-04-13 12:33:15,
PV8DX,007D,"8,286","0,067","0,080065",0,"0,058",420,954,"0,005975","0,005975","3,2258064516129","8,09677419354839",100,100,2021-04-13 12:34:00,
PV8DX,007D,"8,286","0,063","0,075285",0,"0,058",417,941,"0,003824","0,005975","3,54838709677419","8,04838709677419",100,100,2021-04-13 12:34:15,
PV8DX,007D,"8,286","0,067","0,080065",0,"0,058",413,953,"0,003824","0,005975","3,54838709677419","8,04838709677419",100,100,2021-04-13 12:34:45,
PV8DX,007D,"8,286","0,067","0,080065",0,"0,058",410,949,"0,003824","0,005975","3,87096774193548","8,09677419354839",100,100,2021-04-13 12:35:00,
KB6LTY,007D,"8,296","0,067","0,064052",0,"0,058",413,953,"0,003824","0,003824","4,51612903225806","8,09677419354839",100,100,2021-04-13 15:47:43,
KB6LTY,007D,"8,296","0,067","0,080065",0,"0,058",414,947,"0,003824","0,005975","4,19354838709678","8,08064516129032",100,100,2021-04-13 15:47:58,
KB6LTY,007D,"8,296","0,067","0,080065",0,"0,058",413,955,"0,005975","0,005975","4,51612903225806","8,06451612903226",100,100,2021-04-13 15:48:13,
KB6LTY,007D,"8,286","0,067","0,080065",0,"0,058",413,955,"0,003824","0,005975","4,51612903225806","8,08064516129032",100,100,2021-04-13 15:48:28,
KB6LTY,007D,"8,286","0,063","0,075285",0,"0,058",415,948,"0,003824","0,005975","4,83870967741935","8,09677419354839",100,100,2021-04-13 15:48:43,
KB6LTY,007D,"8,296","0,067","0,080065",0,"0,058",413,955,"0,003824","0,005975","4,83870967741935","8,11290322580645",100,100,2021-04-13 15:48:58,
KB6LTY,007D,"8,286","0,067","0,080065",0,"0,058",414,951,"0,005975","0,005975","4,83870967741935","8,04838709677419",100,100,2021-04-13 15:49:28,
KB6LTY,007D,"8,286","0,067","0,064052",0,"0,058",413,944,"0,003824","0,003824","5,16129032258065","8,08064516129032",100,100,2021-04-13 15:49:43,
KB6LTY,007D,"8,296","0,067","0,064052",0,"0,058",412,939,"0,005975","0,003824","5,16129032258065","8,06451612903226",100,100,2021-04-13 15:49:58,
KB6LTY,007D,"8,296","0,067","0,080065",0,"0,058",415,948,"0,003824","0,005975","5,48387096774194","8,11290322580645",100,100,2021-04-13 15:50:13,
KB6LTY,007D,"8,286","0,067","0,080065",0,"0,058",413,942,"0,005975","0,005975","5,48387096774194","8,09677419354839",100,100,2021-04-13 15:50:28,
KB6LTY,007D,"8,286","0,067","0,080065",0,"0,059",411,944,"0,003824","0,005975","5,48387096774194","8,09677419354839",100,100,2021-04-13 15:50:43,
KB6LTY,007D,"8,286","0,067","0,080065",0,"0,058",410,956,"0,003824","0,005975","5,48387096774194","8,11290322580645",100,100,2021-04-13 15:50:58,
KB6LTY,007D,"8,286","0,067","0,080065",0,"0,058",410,950,"0,005975","0,005975","5,80645161290322","8,06451612903226",100,100,2021-04-13 15:51:13,
KB6LTY,007D,"8,286","0,063","0,075285",0,"0,059",410,944,"0,005975","0,005975","5,80645161290322","8,06451612903226",100,100,2021-04-13 15:51:28,
KB6LTY,007D,"8,296","0,067","0,080065",0,"0,058",412,945,"0,003824","0,005975","6,12903225806452","8,12903225806452",100,100,2021-04-13 15:51:43,
KB6LTY,007D,"8,296","0,067","0,080065",0,"0,058",413,944,"0,005975","0,005975","6,12903225806452","8,08064516129032",100,100,2021-04-13 15:51:58,
KB6LTY,007D,"8,286","0,067","0,080065",0,"0,058",411,944,"0,003824","0,005975","6,12903225806452","8,04838709677419",100,100,2021-04-13 15:52:13,
KB6LTY,007D,"8,286","0,067","0,080065",0,"0,058",414,945,"0,003824","0,005975","6,45161290322581","8,08064516129032",100,100,2021-04-13 15:52:28,
KB6LTY,007D,"8,286","0,067","0,064052",0,"0,058",413,944,"0,005975","0,003824","6,7741935483871","8,11290322580645",100,100,2021-04-13 15:52:43,
KB6LTY,007D,"8,286","0,067","0,080065",0,"0,058",413,942,"0,005975","0,005975","6,7741935483871","8,09677419354839",100,100,2021-04-13 15:52:58,
KB6LTY,007D,"8,296","0,063","0,075285",0,"0,058",413,948,"0,003824","0,005975","6,45161290322581","8,11290322580645",100,100,2021-04-13 15:53:28,
KB6LTY,007D,"8,296","0,067","0,080065",0,"0,058",410,921,"0,003824","0,005975","6,7741935483871","8,06451612903226",100,100,2021-04-13 15:53:43,
KB6LTY,007D,"8,296","0,067","0,080065",0,"0,058",412,946,"0,005975","0,005975","7,09677419354838","8,06451612903226",100,100,2021-04-13 15:53:58,
KB6LTY,007D,"8,296","0,067","0,080065",0,"0,058",411,955,"0,005975","0,005975","7,41935483870968","8,06451612903226",100,100,2021-04-13 15:54:13,
KB6LTY,007D,"8,286","0,067","0,080065",0,"0,058",412,951,"0,003824","0,005975","7,09677419354838","8,09677419354839",100,100,2021-04-13 15:54:28,
KB6LTY,007D,"8,286","0,067","0,080065",0,"0,059",412,955,"0,003824","0,005975","7,41935483870968","8,08064516129032",100,100,2021-04-13 15:54:43,
KB6LTY,007D,"8,286","0,067","0,080065",0,"0,058",412,956,"0,003824","0,005975","7,41935483870968","8,06451612903226",100,100,2021-04-13 15:54:58,
KB6LTY,007D,"8,296","0,067","0,080065",0,"0,058",410,952,"0,003824","0,005975","7,41935483870968","8,11290322580645",100,100,2021-04-13 15:55:28,
KB6LTY,007D,"8,286","0,067","0,080065",0,"0,058",411,956,"0,003824","0,005975","7,74193548387097","8,08064516129032",100,100,2021-04-13 15:55:43,
KB6LTY,007D,"8,286","0,067","0,080065",0,"0,058",411,940,"0,003824","0,005975","7,74193548387097","8,11290322580645",100,100,2021-04-13 15:55:58,
KB6LTY,007D,"8,286","0,067","0,080065",0,"0,058",412,950,"0,003824","0,005975","8,06451612903226","8,08064516129032",100,100,2021-04-13 15:56:13,
KB6LTY,007D,"8,296","0,063","0,075285",0,"0,059",411,944,"0,005975","0,005975","8,06451612903226","8,08064516129032",100,100,2021-04-13 15:56:43,
PV8DX,007D,"8,196","0,063","19,27296",0,"0,059",411,943,"0,003824","0,005975","10,3225806451613",8,100,100,2021-04-14 00:25:36,
PV8DX,007D,"8,196","0,063","19,27296",0,"0,059",409,945,"0,003824","0,005975",10,8,100,100,2021-04-14 00:26:06,
PV8DX,007D,"8,196","0,063","19,27296",0,"0,059",412,946,"0,005975","0,005975","9,67741935483871",8,100,100,2021-04-14 00:26:21,
PV8DX,007D,"8,196","0,063","19,27296",0,"0,059",411,939,"0,005975","0,005975","9,35483870967742","8,01612903225806",100,100,2021-04-14 00:26:37,
PV8DX,007D,"8,196","0,063","19,27296",0,"0,059",412,956,"0,003824","0,005975","9,03225806451613","7,98387096774193",100,100,2021-04-14 00:26:51,
PV8DX,007D,"8,196","0,063","19,27296",0,"0,059",411,945,"0,005975","0,005975","9,03225806451613","7,96774193548387",100,100,2021-04-14 00:27:06,
PV8DX,007D,"8,196","0,063","19,27296",0,"0,059",411,955,"0,003824","0,005975","8,70967741935484","7,95161290322581",100,100,2021-04-14 00:27:22,
PV8DX,007D,"8,196","0,067","20,49664",0,"0,059",410,954,"0,003824","0,005975","9,03225806451613","7,98387096774193",100,100,2021-04-14 00:27:36,
PV8DX,007D,"8,186","0,063","19,27296",0,"0,059",411,947,"0,003824","0,005975","8,38709677419355","7,98387096774193",100,100,2021-04-14 00:27:51,
PV8DX,007D,"8,186","0,063","19,27296",0,"0,059",411,944,"0,003824","0,005975","8,38709677419355","7,96774193548387",100,100,2021-04-14 00:28:06,
PV8DX,007D,"8,186","0,063","19,27296",0,"0,059",413,941,"0,003824","0,005975","8,06451612903226","7,98387096774193",100,100,2021-04-14 00:28:21,
PV8DX,007D,"8,186","0,063","19,27296",0,"0,059",412,941,"0,003824","0,005975","8,06451612903226",8,100,100,2021-04-14 00:28:36,
COESU,007D,"8,296","0,063","76,13345",0,"0,058",412,946,"0,003824","0,005975","-1,61290322580645","8,04838709677419",100,100,2021-04-14 12:21:28,2021-01-01 07:26:38
PV8DX,007D,"8,186","0,063","0,075285",0,"0,059",411,952,"0,003824","0,005975","8,06451612903226","7,96774193548387",100,100,2021-04-15 00:21:49,
PV8DX,007D,"8,186","0,063","0,060228",0,"0,059",410,945,"0,003824","0,003824","8,06451612903226","7,96774193548387",100,100,2021-04-15 00:22:04,
PV8DX,007D,"8,186","0,067","0,080065",0,"0,059",411,945,"0,005975","0,005975","8,06451612903226","7,98387096774193",100,100,2021-04-15 00:22:19,
PV8DX,007D,"8,186","0,063","0,075285",0,"0,059",415,955,"0,003824","0,005975",-50,8,100,100,2021-04-15 00:22:34,
PV8DX,007D,"8,186","0,067","0,080065",0,"0,06",412,952,"0,005975","0,005975","7,41935483870968","7,98387096774193",100,100,2021-04-15 00:22:49,
PV8DX,007D,"8,186","0,063","0,075285",0,"0,059",412,957,"0,005975","0,005975","7,09677419354838","7,95161290322581",100,100,2021-04-15 00:23:04,
PV8DX,007D,"8,186","0,063","0,060228",0,"0,059",412,938,"0,003824","0,003824","7,09677419354838",8,100,100,2021-04-15 00:23:19,
PV8DX,007D,"8,186","0,067","0,080065",0,"0,059",413,941,"0,005975","0,005975","6,7741935483871","7,96774193548387",100,100,2021-04-15 00:23:34,
PV8DX,007D,"8,186","0,063","0,075285",0,"0,059",412,952,"0,003824","0,005975","6,7741935483871","7,96774193548387",100,100,2021-04-15 00:23:49,
PV8DX,007D,"8,186","0,063","0,075285",0,"0,059",413,942,"0,005975","0,005975","6,45161290322581","7,98387096774193",100,100,2021-04-15 00:24:19,
PV8DX,007D,"8,176","0,063","0,075285",0,"0,059",413,951,"0,003824","0,005975","5,80645161290322","7,98387096774193",100,100,2021-04-15 00:25:04,
PV8DX,007D,"8,296","0,067","20,49664",0,"0,057",409,951,"0,003824","0,005975","-2,90322580645162","8,06451612903226",100,100,2021-04-15 12:18:40,
PV8DX,007D,"8,286","0,067","20,49664",0,"0,057",410,950,"0,003824","0,005975","-2,58064516129032","8,09677419354839",100,100,2021-04-15 12:19:10,
PV8DX,007D,"8,296","0,067","20,49664",0,"0,057",410,952,"0,003824","0,005975","-2,58064516129032","8,06451612903226",100,100,2021-04-15 12:19:40,
PV8DX,007D,"8,296","0,067","20,49664",0,"0,057",412,957,"0,003824","0,005975","-2,25806451612903","8,06451612903226",100,100,2021-04-15 12:20:25,
PV8DX,007D,"8,286","0,067","20,49664",0,"0,057",411,947,"0,003824","0,005975","-1,93548387096774","8,09677419354839",100,100,2021-04-15 12:20:55,
PV8DX,007D,"8,286","0,067","20,49664",0,"0,058",415,959,"0,003824","0,005975","-1,61290322580645","8,04838709677419",100,100,2021-04-15 12:21:10,
PV8DX,007D,"8,296","0,067","20,49664",0,"0,058",410,938,"0,003824","0,005975","-1,29032258064516","8,09677419354839",100,100,2021-04-15 12:21:40,
PV8DX,007D,"8,286","0,067","20,49664",0,"0,057",412,948,"0,003824","0,005975","-1,29032258064516","8,04838709677419",100,100,2021-04-15 12:21:55,
PV8DX,007D,"8,286","0,067","20,49664",0,"0,057",411,949,"0,003824","0,005975","-0,967741935483872","8,08064516129032",100,100,2021-04-15 12:22:25,
PV8DX,007D,"8,286","0,067","20,49664",0,"0,057",417,957,"0,003824","0,005975","-0,645161290322584","8,11290322580645",100,100,2021-04-15 12:22:40,
PV8DX,007D,"8,286","0,063","19,27296",0,"0,057",411,949,"0,003824","0,005975","-0,967741935483872","8,11290322580645",100,100,2021-04-15 12:22:55,
PV8DX,007D,"8,286","0,067","20,49664",0,"0,057",412,956,"0,003824","0,005975","-0,645161290322584","8,11290322580645",100,100,2021-04-15 12:23:10,
PV8DX,007D,"8,286","0,067","20,49664",0,"0,057",416,946,"0,003824","0,005975","-0,645161290322584","8,08064516129032",100,100,2021-04-15 12:23:25,
PV8DX,007D,"8,306","0,063","19,27296",0,"0,057",415,946,"0,003824","0,005975","-0,645161290322584","8,04838709677419",100,100,2021-04-15 12:23:40,
PV8DX,007D,"8,286","0,067","20,49664",0,"0,058",384,949,"0,003824","0,005975","-0,322580645161288","8,03225806451613",100,100,2021-04-15 12:23:55,
PV8DX,007D,"8,286","0,067","20,49664",0,"0,057",414,938,"0,003824","0,005975","-0,322580645161288","8,09677419354839",100,100,2021-04-15 12:24:10,
PV8DX,007D,"8,286","0,067","20,49664",0,"0,057",415,950,"0,003824","0,005975",0,"8,04838709677419",100,100,2021-04-15 12:24:25,
PV8DX,007D,"8,286","0,067","20,49664",0,"0,057",417,954,"0,005975","0,005975","-6,12903225806452","8,06451612903226",100,100,2021-04-15 12:24:55,
PV8DX,007D,"8,296","0,067","20,49664",0,"0,057",417,768,"0,003824","0,005975","0,322580645161288","8,09677419354839",100,100,2021-04-15 12:25:10,
PV8DX,007D,"8,296","0,067","16,397312",0,"0,058",414,950,"0,003824","0,003824","1,29032258064516","8,09677419354839",100,100,2021-04-15 12:26:40,
KB6LTY,007D,"8,296","0,067","20,49664",0,"0,057",413,945,"0,003824","0,005975","2,58064516129032","7,58064516129032",100,100,2021-04-15 15:41:37,
KB6LTY,007D,"8,296","0,067","20,49664",0,"0,057",414,949,"0,003824","0,005975","2,58064516129032","8,12903225806452",100,100,2021-04-15 15:41:52,
KB6LTY,007D,"8,296","0,067","20,49664",0,"0,057",413,961,"0,003824","0,005975","2,90322580645162","8,11290322580645",100,100,2021-04-15 15:42:07,
KB6LTY,007D,"8,296","0,067","20,49664",0,"0,057",413,952,"0,003824","0,005975","2,90322580645162","8,06451612903226",100,100,2021-04-15 15:42:22,
KB6LTY,007D,"8,296","0,067","20,49664",0,"0,057",417,947,"0,003824","0,005975","2,90322580645162","8,09677419354839",100,100,2021-04-15 15:42:37,
KB6LTY,007D,"8,296","0,063","19,27296",0,"0,058",412,951,"0,003824","0,005975","2,90322580645162","8,06451612903226",100,100,2021-04-15 15:42:52,
KB6LTY,007D,"8,286","0,063","19,27296",0,"0,058",413,947,"0,003824","0,005975","3,2258064516129","8,11290322580645",100,100,2021-04-15 15:43:07,
KB6LTY,007D,"8,286","0,067","20,49664",0,"0,057",411,955,"0,003824","0,005975","3,2258064516129","8,11290322580645",100,100,2021-04-15 15:43:22,
KB6LTY,007D,"8,286","0,063","19,27296",0,"0,057",414,948,"0,003824","0,005975","3,54838709677419","8,09677419354839",100,100,2021-04-15 15:43:37,
KB6LTY,007D,"8,286","0,067","20,49664",0,"0,057",412,956,"0,003824","0,005975","3,2258064516129","8,09677419354839",100,100,2021-04-15 15:43:52,
KB6LTY,007D,"8,286","0,067","20,49664",0,"0,058",414,949,"0,005975","0,005975","3,54838709677419","8,08064516129032",100,100,2021-04-15 15:44:07,
KB6LTY,007D,"8,286","0,067","20,49664",0,"0,058",413,951,"0,005975","0,005975","3,54838709677419","8,12903225806452",100,100,2021-04-15 15:44:22,
KB6LTY,007D,"8,286","0,067","20,49664",0,"0,057",413,940,"0,003824","0,005975","3,87096774193548","8,04838709677419",100,100,2021-04-15 15:44:37,
KB6LTY,007D,"8,296","0,067","20,49664",0,"0,058",412,954,"0,005975","0,005975","3,87096774193548","8,06451612903226",100,100,2021-04-15 15:45:07,
KB6LTY,007D,"8,296","0,067","20,49664",0,"0,058",412,948,0,"0,005975","4,19354838709678","8,06451612903226",100,100,2021-04-15 15:45:52,
KB6LTY,007D,"8,296","0,067","0,080065",0,"0,058",416,949,"0,003824","0,005975","0,967741935483872","8,06451612903226",100,100,2021-04-16 15:34:49,
KB6LTY,007D,"8,286","0,067","0,080065",0,"0,058",412,942,"0,003824","0,005975","0,645161290322584","8,11290322580645",100,100,2021-04-16 15:35:04,
KB6LTY,007D,"8,296","0,063","0,060228",0,"0,057",384,950,"0,003824","0,003824","1,29032258064516","8,08064516129032",100,100,2021-04-16 15:36:04,
KB6LTY,007D,"8,286","0,063","0,075285",0,"0,057",414,953,"0,003824","0,005975","1,61290322580645","8,11290322580645",100,100,2021-04-16 15:36:19,
KB6LTY,007D,"8,296","0,067","0,080065",0,"0,058",414,957,"0,003824","0,005975","1,61290322580645","8,11290322580645",100,100,2021-04-16 15:36:34,
KB6LTY,007D,"8,286","0,063","0,075285",0,"0,057",414,942,"0,003824","0,005975","1,93548387096774","8,04838709677419",100,100,2021-04-16 15:36:49,
KB6LTY,007D,"8,286","0,067","0,080065",0,"0,057",413,955,"0,003824","0,005975","1,93548387096774","8,08064516129032",100,100,2021-04-16 15:37:04,
KB6LTY,007D,"8,286","0,067","0,080065",0,"0,058",415,952,"0,005975","0,005975","1,93548387096774","8,06451612903226",100,100,2021-04-16 15:37:19,
KB6LTY,007D,"8,296","0,063","0,075285",0,"0,057",412,941,"0,003824","0,005975","1,93548387096774","8,09677419354839",100,100,2021-04-16 15:37:34,
KB6LTY,007D,"8,296","0,067","0,080065",0,"0,058",415,949,"0,005975","0,005975","1,93548387096774","8,09677419354839",100,100,2021-04-16 15:37:49,
KB6LTY,007D,"8,296","0,067","0,080065",0,"0,057",414,950,"0,005975","0,005975","2,25806451612903","8,09677419354839",100,100,2021-04-16 15:38:34,
KB6LTY,007D,"8,296","0,067","0,080065",0,"0,057",411,943,"0,003824","0,005975","2,58064516129032","8,08064516129032",100,100,2021-04-16 15:38:49,
KB6LTY,007D,"8,296","0,067","0,080065",0,"0,057",414,953,"0,003824","0,005975","2,58064516129032","8,08064516129032",100,100,2021-04-16 15:39:04,
KB6LTY,007D,"8,296","0,063","0,075285",0,"0,058",412,952,"0,003824","0,005975","2,90322580645162","8,11290322580645",100,100,2021-04-16 15:39:19,
KB6LTY,007D,"8,296","0,067","0,080065",0,"0,058",415,768,"0,003824","0,005975","2,58064516129032","8,08064516129032",100,100,2021-04-16 15:39:34,
KB6LTY,007D,"8,296","0,067","0,080065",0,"0,058",413,953,"0,003824","0,005975",-50,"8,08064516129032",100,100,2021-04-16 15:39:49,
KB6LTY,007D,"8,296","0,067","0,080065",0,"0,058",413,944,"0,003824","0,005975","2,90322580645162","8,06451612903226",100,100,2021-04-16 15:40:04,
KB6LTY,007D,"8,296","0,063","0,075285",0,"0,058",413,946,"0,003824","0,005975","3,2258064516129","8,11290322580645",100,100,2021-04-16 15:40:19,
KB6LTY,007D,"8,286","0,067","0,080065",0,"0,058",413,951,"0,005975","0,005975","3,2258064516129","8,04838709677419",100,100,2021-04-16 15:40:34,
KB6LTY,007D,"8,296","0,067","0,080065",0,"0,058",415,955,"0,003824","0,005975","3,2258064516129","8,11290322580645",100,100,2021-04-16 15:40:49,
KB6LTY,007D,"8,286","0,063","0,060228",0,"0,058",415,949,"0,005975","0,003824","3,2258064516129","8,06451612903226",100,100,2021-04-16 15:41:04,
KB6LTY,007D,"8,296","0,067","0,080065",0,"0,057",412,943,"0,003824","0,005975","3,54838709677419","8,08064516129032",100,100,2021-04-16 15:41:19,
KB6LTY,007D,"8,286","0,067","0,080065",0,"0,058",414,948,"0,003824","0,005975","3,54838709677419","8,11290322580645",100,100,2021-04-16 15:41:34,
KB6LTY,007D,"8,306","0,067","0,080065",0,"0,058",412,953,"0,003824","0,005975","3,87096774193548","8,09677419354839",100,100,2021-04-16 15:41:49,
KB6LTY,007D,"8,286","0,067","0,080065",0,"0,057",412,940,"0,003824","0,005975","3,54838709677419","8,08064516129032",100,100,2021-04-16 15:42:04,
KB6LTY,007D,"8,296","0,067","0,080065",0,"0,058",413,947,"0,005975","0,005975","3,87096774193548","8,08064516129032",100,100,2021-04-16 15:42:19,
KB6LTY,007D,"8,286","0,067","0,080065",0,"0,058",414,948,"0,003824","0,005975","4,19354838709678","8,04838709677419",100,100,2021-04-16 15:42:49,
KB6LTY,007D,"8,286","0,067","0,080065",0,"0,058",411,946,"0,003824","0,005975","4,19354838709678","8,06451612903226",100,100,2021-04-16 15:43:19,
EMMN,007D,"8,176","0,063","0,18642",0,"0,059",412,954,"0,003824","0,005975","6,45161290322581","7,96774193548387",100,100,2021-04-22 22:12:57,2021-01-09 17:18:07
EMMN,007D,"8,176","0,063","0,18642",0,"0,058",412,944,"0,005975","0,005975","6,12903225806452","7,98387096774193",100,100,2021-04-22 22:13:27,2021-01-09 17:18:37
EMMN,007D,"8,176","0,063","0,18642",0,"0,059",411,958,"0,003824","0,005975","6,12903225806452","7,95161290322581",100,100,2021-04-22 22:13:57,2021-01-09 17:19:07
EMMN,007D,"8,176","0,063","0,18642",0,"0,059",410,939,"0,005975","0,005975","5,80645161290322","7,98387096774193",100,100,2021-04-22 22:14:12,2021-01-09 17:19:22
EMMN,007D,"8,176","0,067","0,18642",0,"0,058",412,943,"0,005975","0,005975","5,48387096774194",8,100,100,2021-04-22 22:14:27,2021-01-09 17:19:37
EMMN,007D,"8,176","0,063","0,18642",0,"0,059",412,948,"0,003824","0,005975","5,16129032258065",8,100,100,2021-04-22 22:14:42,2021-01-09 17:19:52
EMMN,007D,"8,176","0,063","0,18642",0,"0,058",414,944,"0,003824","0,005975","5,16129032258065",8,100,100,2021-04-22 22:14:57,2021-01-09 17:20:07
EMMN,007D,"8,176","0,063","0,18642",0,"0,059",413,951,"0,005975","0,005975","4,83870967741935",8,100,100,2021-04-22 22:15:27,2021-01-09 17:20:37
EMMN,007D,"8,296","0,067","0,18642",0,"0,057",409,953,"0,003824","0,005975","-1,93548387096774","8,11290322580645",100,100,2021-04-23 10:11:33,2021-01-10 05:16:44
EMMN,007D,"8,296","0,063","0,18642",0,"0,057",410,944,"0,003824","0,005975","-1,61290322580645","8,08064516129032",100,100,2021-04-23 10:11:48,2021-01-10 05:16:59
EMMN,007D,"8,296","0,067","0,18642",0,"0,057",411,951,"0,003824","0,005975","-1,29032258064516","8,08064516129032",100,100,2021-04-25 10:02:43,2021-01-12 05:07:53
EMMN,007D,"8,176","0,067","0,18642",0,"0,059",412,954,"0,003824","0,005975","7,41935483870968",8,100,100,2021-04-25 21:59:04,2021-01-12 17:04:14
EMMN,007D,"8,176","0,063","0,18642",0,"0,059",411,943,"0,003824","0,005975","7,09677419354838","7,96774193548387",100,100,2021-04-25 21:59:18,2021-01-12 17:04:29
EMMN,007D,"8,176","0,063",0,0,"0,059",412,950,"0,003824",0,"6,7741935483871",8,100,100,2021-04-25 21:59:48,2021-01-12 17:04:59
EMMN,007D,"8,176","0,063","0,18642",0,"0,058",412,950,"0,005975","0,005975","6,7741935483871","8,01612903225806",100,100,2021-04-25 22:00:03,2021-01-12 17:05:14
EMMN,007D,"8,176","0,067","0,18642",0,"0,059",413,956,"0,003824","0,005975","6,45161290322581","7,96774193548387",100,100,2021-04-25 22:00:19,2021-01-12 17:05:29
EMMN,007D,"8,176","0,063","0,18642",0,"0,059",412,937,"0,003824","0,005975","6,45161290322581","7,96774193548387",100,100,2021-04-25 22:00:33,2021-01-12 17:05:44
EMMN,007D,"8,176","0,063","0,18642",0,"0,059",410,950,"0,003824","0,005975","6,12903225806452","7,98387096774193",100,100,2021-04-25 22:00:48,2021-01-12 17:05:59
EMMN,007D,"8,176","0,063","0,18642",0,"0,059",412,953,"0,003824","0,005975","6,12903225806452","7,98387096774193",100,100,2021-04-25 22:01:03,2021-01-12 17:06:14
EMMN,007D,"8,176","0,063","0,18642",0,"0,059",411,959,"0,003824","0,005975","5,80645161290322","7,96774193548387",100,100,2021-04-25 22:01:18,2021-01-12 17:06:30
EMMN,007D,"8,176","0,067","0,18642",0,"0,059",413,946,"0,003824","0,005975","5,80645161290322","7,95161290322581",100,100,2021-04-25 22:01:33,2021-01-12 17:06:45
KB6LTY,007D,"8,286","0,063","19,27296",0,"0,058",413,940,"0,003824","0,005975","1,61290322580645","8,06451612903226",100,100,2021-04-26 14:51:51,
KB6LTY,007D,"8,296","0,067","20,49664",0,"0,057",416,956,"0,003824","0,005975","1,61290322580645","8,09677419354839",100,100,2021-04-26 14:52:06,
KB6LTY,007D,"8,286","0,067","20,49664",0,"0,058",413,958,"0,003824","0,005975","1,93548387096774","8,08064516129032",100,100,2021-04-26 14:52:21,
KB6LTY,007D,"8,286","0,067","20,49664",0,"0,057",413,942,"0,003824","0,005975","2,25806451612903","8,09677419354839",100,100,2021-04-26 14:53:06,
KB6LTY,007D,"8,296","0,067","20,49664",0,"0,057",414,948,"0,005975","0,005975","2,58064516129032","8,08064516129032",100,100,2021-04-26 14:53:21,
KB6LTY,007D,"8,286","0,063","19,27296",0,"0,058",412,861,"0,003824","0,005975","2,58064516129032","8,06451612903226",100,100,2021-04-26 14:53:36,
KB6LTY,007D,"8,286","0,067","20,49664",0,"0,058",412,947,"0,005975","0,005975","2,58064516129032","8,09677419354839",100,100,2021-04-26 14:53:51,
KB6LTY,007D,"8,286","0,067","20,49664",0,"0,058",415,942,"0,003824","0,005975","2,90322580645162","8,09677419354839",100,100,2021-04-26 14:54:06,
KB6LTY,007D,"8,286","0,067","20,49664",0,"0,058",414,937,"0,005975","0,005975","3,2258064516129","8,04838709677419",100,100,2021-04-26 14:55:06,
KB6LTY,007D,"8,296","0,067","20,49664",0,"0,058",412,943,"0,003824","0,005975","3,2258064516129","8,09677419354839",100,100,2021-04-26 14:55:21,
KB6LTY,007D,"8,296","0,063","19,27296",0,"0,058",414,948,"0,003824","0,005975","3,54838709677419","8,11290322580645",100,100,2021-04-26 14:56:06,
KB6LTY,007D,"8,286","0,067","20,49664",0,"0,058",412,946,"0,005975","0,005975","4,19354838709678","8,09677419354839",100,100,2021-04-26 14:56:21,
KB6LTY,007D,"8,286","0,067","20,49664",0,"0,058",413,947,"0,005975","0,005975","4,19354838709678","8,06451612903226",100,100,2021-04-26 14:56:51,
KB6LTY,007D,"8,296","0,063","19,27296",0,"0,058",413,940,"0,003824","0,005975","4,19354838709678","8,09677419354839",100,100,2021-04-26 14:57:06,
EMMN,007D,"8,186","0,063","0,18642",0,"0,059",412,951,"0,003824","0,005975","7,41935483870968","7,96774193548387",100,100,2021-04-26 21:53:31,2021-01-13 16:58:41
EMMN,007D,"8,176","0,063","0,18642",0,"0,059",411,958,"0,003824","0,005975","7,09677419354838","7,98387096774193",100,100,2021-04-26 21:54:01,2021-01-13 16:59:11
EMMN,007D,"8,176","0,067","0,18642",0,"0,059",410,949,"0,003824","0,005975","6,7741935483871","8,01612903225806",100,100,2021-04-26 21:54:46,2021-01-13 16:59:56
EMMN,007D,"8,176","0,063","0,18642",0,"0,059",413,947,"0,003824","0,005975","6,45161290322581","7,95161290322581",100,100,2021-04-26 21:55:01,2021-01-13 17:00:11
EMMN,007D,"8,176","0,063","0,18642",0,"0,058",412,952,"0,003824","0,005975","6,12903225806452","7,98387096774193",100,100,2021-04-26 21:55:31,2021-01-13 17:00:41
EMMN,007D,"8,176","0,063","0,18642",0,"0,059",410,947,"0,005975","0,005975","5,48387096774194","7,95161290322581",100,100,2021-04-26 21:56:31,2021-01-13 17:01:41
EMMN,007D,"8,166","0,063","0,18642",0,"0,059",411,954,"0,003824","0,005975","5,48387096774194","7,96774193548387",100,100,2021-04-26 21:56:46,2021-01-13 17:01:56
EMMN,007D,"8,176","0,063","0,18642",0,"0,059",412,948,"0,003824","0,005975","5,16129032258065","7,98387096774193",100,100,2021-04-26 21:57:01,2021-01-13 17:02:11
EMMN,007D,"8,166","0,063","0,18642",0,"0,059",413,949,"0,003824","0,005975","4,51612903225806","7,96774193548387",100,100,2021-04-26 21:58:01,2021-01-13 17:03:11
EMMN,007D,"8,176","0,063","0,18642",0,"0,059",410,962,"0,003824","0,005975","4,51612903225806","7,96774193548387",100,100,2021-04-26 21:58:16,2021-01-13 17:03:26
EMMN,007D,"8,166","0,067","0,18642",0,"0,059",413,955,"0,003824","0,005975","4,19354838709678","7,95161290322581",100,100,2021-04-26 21:58:31,2021-01-13 17:03:42
EMMN,007D,"8,176","0,063","0,18642",0,"0,059",412,950,"0,003824","0,005975","7,41935483870968","7,98387096774193",100,100,2021-04-26 23:29:14,2021-01-13 18:34:25
EMMN,007D,"8,176","0,063","0,18642",0,"0,059",412,951,"0,003824","0,005975","6,7741935483871",8,100,100,2021-04-26 23:29:44,2021-01-13 18:34:55
EMMN,007D,"8,176","0,063","0,18642",0,"0,06",412,951,"0,003824","0,005975","7,09677419354838","7,96774193548387",100,100,2021-04-28 21:45:25,2021-01-15 16:50:36
EMMN,007D,"8,176","0,063","0,18642",0,"0,06",412,955,"0,003824","0,005975","6,7741935483871","7,48387096774193",100,100,2021-04-28 21:46:10,2021-01-15 16:51:21
EMMN,007D,"8,176","0,063","0,18642",0,"0,059",411,952,"0,003824","0,005975","6,45161290322581","7,98387096774193",100,100,2021-04-28 21:46:25,2021-01-15 16:51:36
EMMN,007D,"8,176","0,063","0,18642",0,"0,059",411,942,"0,003824","0,005975","6,12903225806452","7,96774193548387",100,100,2021-04-28 21:47:10,2021-01-15 16:52:21
EMMN,007D,"8,176","0,063","0,149136",0,"0,059",411,944,"0,003824","0,003824","5,48387096774194","7,96774193548387",100,100,2021-04-28 21:47:55,2021-01-15 16:53:06
EMMN,007D,"8,166","0,067","0,18642",0,"0,059",412,950,"0,003824","0,005975","5,80645161290322","7,45161290322581",100,100,2021-04-28 21:48:10,2021-01-15 16:53:21
EMMN,007D,"8,176","0,063","0,18642",0,"0,059",412,941,"0,003824","0,005975","5,16129032258065","7,96774193548387",100,100,2021-04-28 21:48:40,2021-01-15 16:53:51
EMMN,007D,"8,166","0,063","0,18642",0,"0,059",412,952,"0,003824","0,005975","4,83870967741935","7,95161290322581",100,100,2021-04-28 21:48:55,2021-01-15 16:54:06
EMMN,007D,"8,166","0,063","0,18642",0,"0,059",413,943,"0,003824","0,005975","4,83870967741935","7,93548387096774",100,100,2021-04-28 21:49:10,2021-01-15 16:54:21
EMMN,007D,"8,186","0,063","0,18642",0,"0,059",411,950,"0,005975","0,005975","7,09677419354838","7,95161290322581",100,100,2021-04-30 23:11:20,2021-01-17 18:16:31
EMMN,007D,"8,296","0,067","0,18642",0,"0,056",399,955,"0,003824","0,005975","-6,45161290322581","8,04838709677419",100,100,2021-05-02 21:29:24,2021-01-19 04:27:35
EMMN,007D,"8,296","0,067","0,18642",0,"0,056",399,955,"0,003824","0,005975","-6,45161290322581","8,04838709677419",100,100,2021-05-02 21:30:24,2021-01-19 04:27:35
EMMN,007D,"8,296","0,067","0,18642",0,"0,056",399,955,"0,003824","0,005975","-6,45161290322581","8,04838709677419",100,100,2021-05-04 21:20:22,2021-01-19 04:27:35
EMMN,007D,"8,296","0,067","0,18642",0,"0,056",399,955,"0,003824","0,005975","-6,45161290322581","8,04838709677419",100,100,2021-05-05 22:50:21,2021-01-19 04:27:35
EMMN,007D,"8,296","0,067","0,18642",0,"0,056",399,955,"0,003824","0,005975","-6,45161290322581","8,04838709677419",100,100,2021-05-06 22:46:20,2021-01-19 04:27:35
EMMN,007D,"8,296","0,067","0,18642",0,"0,056",399,955,"0,003824","0,005975","-6,45161290322581","8,04838709677419",100,100,2021-05-06 22:48:20,2021-01-19 04:27:35
EMMN,007D,"8,296","0,067","0,18642",0,"0,056",399,955,"0,003824","0,005975","-6,45161290322581","8,04838709677419",100,100,2021-05-07 21:06:19,2021-01-19 04:27:35
EMMN,007D,"8,296","0,067","0,18642",0,"0,056",399,955,"0,003824","0,005975","-6,45161290322581","8,04838709677419",100,100,2021-05-07 21:07:19,2021-01-19 04:27:35
EMMN,007D,"8,296","0,067","0,18642",0,"0,056",399,955,"0,003824","0,005975","-6,45161290322581","8,04838709677419",100,100,2021-05-08 21:02:18,2021-01-19 04:27:35
EMMN,007D,"8,296","0,067","0,18642",0,"0,056",399,955,"0,003824","0,005975","-6,45161290322581","8,04838709677419",100,100,2021-05-08 22:38:18,2021-01-19 04:27:35
EMMN,007D,"8,296","0,067","0,18642",0,"0,056",399,955,"0,003824","0,005975","-6,45161290322581","8,04838709677419",100,100,2021-05-08 22:39:18,2021-01-19 04:27:35
EMMN,007D,"8,296","0,067","0,18642",0,"0,056",399,955,"0,003824","0,005975","-6,45161290322581","8,04838709677419",100,100,2021-05-10 22:28:16,2021-01-19 04:27:35
EMMN,007D,"8,296","0,067","0,18642",0,"0,056",399,955,"0,003824","0,005975","-6,45161290322581","8,04838709677419",100,100,2021-05-11 22:24:16,2021-01-19 04:27:35
EMMN,007D,"8,296","0,067","0,18642",0,"0,056",399,955,"0,003824","0,005975","-6,45161290322581","8,04838709677419",100,100,2021-05-13 22:14:14,2021-01-19 04:27:35
EMMN,007D,"8,296","0,067","0,18642",0,"0,056",399,955,"0,003824","0,005975","-6,45161290322581","8,04838709677419",100,100,2021-05-13 22:16:14,2021-01-19 04:27:35
EMMN,007D,"8,296","0,067","0,18642",0,"0,056",399,955,"0,003824","0,005975","-6,45161290322581","8,04838709677419",100,100,2021-05-13 22:17:14,2021-01-19 04:27:35
EMMN,007D,"8,296","0,067","0,18642",0,"0,056",399,955,"0,003824","0,005975","-6,45161290322581","8,04838709677419",100,100,2021-05-14 22:09:13,2021-01-19 04:27:35
EMMN,007D,"8,296","0,067","0,18642",0,"0,056",399,955,"0,003824","0,005975","-6,45161290322581","8,04838709677419",100,100,2021-05-14 22:10:13,2021-01-19 04:27:35
EMMN,007D,"8,296","0,067","0,18642",0,"0,056",399,955,"0,003824","0,005975","-6,45161290322581","8,04838709677419",100,100,2021-05-14 22:11:13,2021-01-19 04:27:35
EMMN,007D,"8,296","0,067","0,18642",0,"0,056",399,955,"0,003824","0,005975","-6,45161290322581","8,04838709677419",100,100,2021-05-14 22:12:13,2021-01-19 04:27:35
EMMN,007D,"8,296","0,067","0,18642",0,"0,056",399,955,"0,003824","0,005975","-6,45161290322581","8,04838709677419",100,100,2021-05-15 22:07:12,2021-01-19 04:27:35
EMMN,007D,"8,296","0,067","0,18642",0,"0,056",399,955,"0,003824","0,005975","-6,45161290322581","8,04838709677419",100,100,2021-05-16 22:00:11,2021-01-19 04:27:35
EMMN,007D,"8,296","0,067","0,18642",0,"0,056",399,955,"0,003824","0,005975","-6,45161290322581","8,04838709677419",100,100,2021-05-16 22:01:11,2021-01-19 04:27:35
EMMN,007D,"8,296","0,067","0,18642",0,"0,056",399,955,"0,003824","0,005975","-6,45161290322581","8,04838709677419",100,100,2021-05-16 22:02:11,2021-01-19 04:27:35
EMMN,007D,"8,296","0,067","0,18642",0,"0,056",399,955,"0,003824","0,005975","-6,45161290322581","8,04838709677419",100,100,2021-05-16 22:03:11,2021-01-19 04:27:35
EMMN,007D,"8,296","0,067","0,18642",0,"0,056",399,955,"0,003824","0,005975","-6,45161290322581","8,04838709677419",100,100,2021-05-16 22:04:11,2021-01-19 04:27:35
EMMN,007D,"8,296","0,067","0,18642",0,"0,056",399,955,"0,003824","0,005975","-6,45161290322581","8,04838709677419",100,100,2021-05-17 21:57:11,2021-01-19 04:27:35
EMMN,007D,"8,296","0,067","0,18642",0,"0,056",399,955,"0,003824","0,005975","-6,45161290322581","8,04838709677419",100,100,2021-05-17 21:58:11,2021-01-19 04:27:35
EMMN,007D,"8,296","0,067","0,18642",0,"0,056",399,955,"0,003824","0,005975","-6,45161290322581","8,04838709677419",100,100,2021-05-18 21:52:10,2021-01-19 04:27:35
EMMN,007D,"8,296","0,067","0,18642",0,"0,056",399,955,"0,003824","0,005975","-6,45161290322581","8,04838709677419",100,100,2021-05-18 21:53:10,2021-01-19 04:27:35
EMMN,007D,"8,296","0,067","0,18642",0,"0,056",399,955,"0,003824","0,005975","-6,45161290322581","8,04838709677419",100,100,2021-05-18 21:54:10,2021-01-19 04:27:35
EMMN,007D,"8,296","0,067","0,18642",0,"0,056",399,955,"0,003824","0,005975","-6,45161290322581","8,04838709677419",100,100,2021-05-18 21:55:10,2021-01-19 04:27:35
EMMN,007D,"8,296","0,067","0,18642",0,"0,056",399,955,"0,003824","0,005975","-6,45161290322581","8,04838709677419",100,100,2021-05-18 21:56:10,2021-01-19 04:27:35
EMMN,007D,"8,296","0,067","0,18642",0,"0,056",399,955,"0,003824","0,005975","-6,45161290322581","8,04838709677419",100,100,2021-05-19 21:50:09,2021-01-19 04:27:35
EMMN,007D,"8,296","0,067","0,18642",0,"0,056",399,955,"0,003824","0,005975","-6,45161290322581","8,04838709677419",100,100,2021-05-19 21:51:09,2021-01-19 04:27:35
EMMN,007D,"8,296","0,067","0,18642",0,"0,056",399,955,"0,003824","0,005975","-6,45161290322581","8,04838709677419",100,100,2021-05-19 21:52:09,2021-01-19 04:27:35
EMMN,007D,"8,296","0,067","0,18642",0,"0,056",399,955,"0,003824","0,005975","-6,45161290322581","8,04838709677419",100,100,2021-05-20 21:44:08,2021-01-19 04:27:35
EMMN,007D,"8,296","0,067","0,18642",0,"0,056",399,955,"0,003824","0,005975","-6,45161290322581","8,04838709677419",100,100,2021-05-20 21:45:08,2021-01-19 04:27:35
EMMN,007D,"8,296","0,067","0,18642",0,"0,056",399,955,"0,003824","0,005975","-6,45161290322581","8,04838709677419",100,100,2021-05-20 21:46:08,2021-01-19 04:27:35
